id,name,gender,age,birthday,address
d154f084-2674-45e4-af04-a041a4439987,김서진,male,74,1951-02-12,울산 동구 21대로 90
51f3f0e8-d908-4b8c-92d7-e4b8a406c4ab,김서진,Female,21,2004-08-04,서울 송파구 29길 23
729b4de8-125b-4ee0-90a0-db7a385e9808,지후,male,14,2011-11-18,서울 송파구 15대로 94
4923696c-25a1-482a-85ac-1f376f7056d0,유민,male,35,1990-01-09,서울 송파구 76로 48
100221ab-afe5-419d-9bbf-bed6831269ab,김예준,male,34,1991-12-18,대전 유성구 24로 97
9d0bb1f4-bee4-4083-bd58-2e114ae2ec9d,박민준,Female,81,1944-11-11,대전 유성구 16로 38
44cf1915-77de-4180-bce1-48aa740a9404,노윤지,male,27,1998-09-04,서울 송파구 82대로 3
fa19d39c-f72e-48ce-a68d-64e5211cee0d,유민,male,43,1982-05-04,인천 부평구 53로 93
ce049ded-5c7d-4d8b-b89b-ccedd6c214c5,권지유,male,13,2012-12-21,부산 수영구 31로 98
81e3c1a8-c15d-423f-b810-193530b384c9,김서진,male,61,1964-11-01,인천 부평구 90대로 55
54001f86-f51b-41bc-a066-3dfab4e82462,윤도윤,Female,16,2009-04-08,대전 유성구 65대로 36
a7af6800-2214-432b-b2c6-628a7f81b4cc,유민,male,54,1971-09-05,대전 유성구 17로 16
9d2ecb0b-1ee3-4cd7-b9e1-35e8f40f1f33,이서윤,male,74,1951-06-09,서울 송파구 12로 38
dbbbfef6-c702-4bab-b22c-47c01b802500,임지안,male,13,2012-04-25,부산 수영구 55길 75
bcbb8b91-2df7-4b05-abc3-8795c2819b6b,강서연,male,43,1982-05-28,대전 유성구 24대로 82
844a90c7-9f58-41d6-9468-ccd9366a311c,위하은,male,35,1990-06-10,울산 동구 3길 86
98a23c40-9bbe-4e24-8e68-94f63bd1212e,안지원,Female,59,1966-10-01,대전 유성구 21로 87
967bdb44-c6ac-4dbc-bca5-fbe26258fa11,강서연,male,50,1975-06-12,인천 부평구 49대로 85
00b56738-58f3-4ef0-a2ca-6cfd48d42139,노윤지,male,67,1958-03-19,부산 수영구 31길 9
d6fff946-b900-400b-a4ee-cbcd4f3add8b,지후,Female,46,1979-11-18,부산 수영구 88로 63
0813e8d8-958b-490f-ac84-f5b418cfe637,노윤지,Female,29,1996-05-10,인천 부평구 91대로 52
ad4555cc-c2ea-4f3f-ab6e-1789e7d82106,유민,Female,65,1960-07-14,인천 부평구 94길 41
972fa4cf-49eb-4aec-8469-857e5ba95c80,신하윤,Female,28,1997-04-24,인천 부평구 33대로 57
b04ede4a-0daf-42c3-83d1-6628e0b7963e,신하윤,male,63,1962-11-04,서울 송파구 21길 31
e98be529-bcf2-4496-98ff-89c7133a3bee,김예준,Female,38,1987-11-16,시흥 정왕동 88대로 34
61710880-aa36-418c-ada3-a5b3a47bf680,위하은,male,56,1969-05-07,울산 동구 75길 22
e3d086c9-652d-497d-aa4f-7d89ebad758e,안지원,Female,54,1971-07-21,서울 송파구 34대로 24
46d3fd8b-deb3-44b6-846b-58bff91aa40e,위하은,Female,1,2024-11-10,시흥 정왕동 49길 33
99ed07dc-e2b9-4772-b548-e2bb89219a3f,신하윤,Female,46,1979-12-12,서울 송파구 28대로 22
52207b3e-fff9-4c2f-a636-da0af24c7abc,위하은,Female,52,1973-10-23,인천 부평구 41로 78
668655bf-821d-47dc-a3da-9ee785def2c3,권지유,Female,33,1992-06-23,대전 유성구 48길 29
1f48ad66-b704-42a6-9534-2e03eadbff55,위하은,Female,64,1961-10-07,울산 동구 2로 84
d2938b7a-4da3-4b08-a9b8-ae602ed901f6,서지호,male,56,1969-05-16,울산 동구 71대로 88
29d179f8-0fb8-4272-90e2-530a664f92cd,전서현,Female,26,1999-11-22,시흥 정왕동 43대로 28
09064a65-944a-42d3-8e41-3c5fc3134e91,고민서,Female,62,1963-08-05,인천 부평구 64길 59
e3dd36f1-fecd-4de1-bf2e-a3feb91843cc,한지민,male,69,1956-12-28,대전 유성구 47대로 46
d51c4c41-031f-4962-af44-406a3dd99ef7,김서진,Female,85,1940-08-04,인천 부평구 73대로 96
80d4b12c-54fe-416d-9026-30078a0888af,유민,male,15,2010-06-20,서울 송파구 21대로 90
c6fad12f-b44e-46a7-a828-df684888c695,권지유,Female,82,1943-06-21,인천 부평구 31로 21
fcc5d4bd-27bb-415d-b51a-6273920d28e4,최서준,Female,59,1966-10-19,서울 송파구 65로 58
96a1d5bc-c461-405b-8a19-5efab80211cb,최서준,male,25,2000-11-02,시흥 정왕동 23길 87
df5e0a0a-1f9c-4b49-b6de-2a9d1d678180,위하은,Female,24,2001-09-23,서울 송파구 9로 7
a0990327-1b4d-4bb2-a847-ec7f274f4eb6,조주원,Female,46,1979-06-02,서울 송파구 78길 95
c11d296a-9029-4cd1-9434-a2d63858a94c,안지원,Female,53,1972-08-27,울산 동구 76대로 40
7c9b7ae4-4d79-42a6-94cc-d600bf8049d2,지후,Female,49,1976-09-28,울산 동구 25대로 58
d740a43e-bdbe-443e-b5e5-22a0258e2717,지후,Female,21,2004-11-19,부산 수영구 20대로 88
003f92a8-f0c6-4ced-a0c7-260382065bcc,박민준,Female,59,1966-08-15,대전 유성구 55길 53
7c9bf18c-ec3a-4cb9-aaeb-fff7f295aab4,김서진,Female,16,2009-03-04,대전 유성구 78로 16
4f580be1-fbb8-4738-b0d8-901fd10ee536,박민준,Female,61,1964-09-24,울산 동구 5대로 80
6f7e345a-9b62-47a4-96fc-95078f78e1ac,전서현,Female,57,1968-06-11,대전 유성구 71로 10
45313dad-71d5-4124-a8e7-235e6cada763,고민서,Female,17,2008-06-02,인천 부평구 15대로 86
f0e3187a-62da-4011-aa4b-7d7653e93fa3,한지민,Female,60,1965-07-21,울산 동구 9대로 27
4dab3088-0bbc-4135-b411-4b1950b35b27,안지원,Female,80,1945-01-21,울산 동구 28대로 52
3f42ec28-ac8e-4b36-a752-dd541b45e6d9,유하준,male,70,1955-10-17,서울 송파구 11로 2
c512350c-c4cf-4057-9379-09ba36f23524,정준우,male,85,1940-05-07,인천 부평구 44길 70
3e86d4c8-a343-4934-b01a-622739b26505,임지안,Female,45,1980-03-14,시흥 정왕동 6로 66
5d49066c-8a52-4152-aa55-65598b7d82c4,장시우,male,70,1955-10-04,인천 부평구 25길 2
a8f893bf-b098-4caa-a249-63e59bede550,송연우,Female,37,1988-12-13,울산 동구 4길 44
69bbe8f7-d8ab-4ed9-8352-3b1689a48998,윤도윤,male,81,1944-09-01,대전 유성구 24길 26
83b27611-904a-4542-a7cd-575e80f6b419,지후,Female,22,2003-01-12,시흥 정왕동 56로 24
0dd40463-b4cc-479c-8c8d-351a6f23549b,서지호,male,47,1978-01-14,인천 부평구 38길 9
48519b28-b115-4953-8ad3-2c0edcac35e0,윤도윤,male,63,1962-03-16,서울 송파구 31대로 19
8e2d15c4-e7aa-4965-832f-79c435c4d52c,위하은,male,5,2020-01-04,울산 동구 20로 26
be9c8fb6-808e-4d9c-8a5b-2ee667d217b6,노윤지,male,79,1946-09-10,대전 유성구 52대로 13
fadb8073-6d2e-45e0-83c8-99988a9c3972,신하윤,Female,41,1984-10-17,부산 수영구 63대로 94
ec427575-778d-4738-b4ee-c1ddb2f14531,윤도윤,male,64,1961-04-18,인천 부평구 61길 32
8fd656fb-023e-45b6-bf63-3436207d2575,이서윤,Female,23,2002-09-06,대전 유성구 41대로 71
1aa820fa-d0ae-4998-987e-84bff3558439,조주원,Female,4,2021-05-24,대전 유성구 11대로 70
b07be21e-3394-43de-9410-982a9211e9d9,정준우,Female,48,1977-03-13,울산 동구 54로 33
cd3df494-9183-4c76-a37c-b7f977c64b14,이서윤,Female,64,1961-08-26,울산 동구 7길 39
f740cac3-dfc0-4095-9e26-8b74fa59b8c5,안지원,Female,56,1969-08-21,서울 송파구 34대로 75
9a3fcf83-5baf-4365-a3c8-c3d5c3dc1615,지후,Female,74,1951-09-25,서울 송파구 46로 54
09000717-2b56-4753-9210-a1fff80e3cf4,위하은,Female,72,1953-04-11,시흥 정왕동 43대로 71
95c04fb7-2c2f-4fb3-873b-a9cf50644b88,서지호,Female,19,2006-04-20,서울 송파구 10길 86
ec3c7718-2883-4b75-bf82-9db6370c1adc,정준우,Female,9,2016-04-14,대전 유성구 27로 52
e0ed5dba-fdb0-42b0-8e79-f44ba572790d,송연우,male,63,1962-05-22,서울 송파구 29길 96
54d82653-fe48-4867-bdc1-44ca73bfc93a,강서연,male,16,2009-04-13,서울 송파구 20로 66
429e91b9-5222-42c1-98eb-2bc5f7f68951,장시우,Female,47,1978-02-20,서울 송파구 94로 80
b6f2d87e-7d60-4db3-b361-59ffb6637481,윤도윤,male,33,1992-05-22,서울 송파구 55로 21
49747a0b-f5c5-40a2-881d-4518b31a7bb5,유민,Female,76,1949-03-05,울산 동구 3로 18
a205f9ff-f64a-44b7-96df-fd66cfe70578,윤도윤,Female,82,1943-05-08,부산 수영구 31길 3
bb87a506-75f7-4fd5-b01b-585cf84fb7d4,김예준,Female,41,1984-09-23,시흥 정왕동 20로 45
357bc4ef-7c9f-4ea7-aaec-2ad1f2904d1e,박민준,male,75,1950-02-06,대전 유성구 7대로 32
295fa07f-3d5b-4aad-9201-fad6ffe54d54,위하은,Female,72,1953-04-01,부산 수영구 20로 96
0e1ea179-d92f-4e31-9f1c-34cc293ab5a4,유하준,Female,41,1984-04-25,울산 동구 31로 79
2d14a5dc-93d2-4c62-b8e1-dce37b866960,안지원,Female,84,1941-03-01,시흥 정왕동 85대로 1
8476017a-3bd1-4032-b0a4-757fd1e4b58e,조주원,Female,39,1986-03-04,서울 송파구 40로 96
711db5bb-2fb8-40ca-95d7-cc15d6df3468,서지호,Female,85,1940-10-20,대전 유성구 71로 3
d608c957-6e8a-4fbb-9d40-e8e009b9e84a,송연우,Female,55,1970-06-20,대전 유성구 23길 72
28a91e3c-2817-44ec-9832-3fff3d6aa52d,서지호,Female,80,1945-10-04,대전 유성구 23길 96
b1b8c1ee-0ba3-4fa4-bca8-97dce210e480,고민서,male,67,1958-01-15,서울 송파구 22로 54
be0d259d-7e5b-4586-9c67-ea26a4c9bdf6,김예준,Female,59,1966-05-12,부산 수영구 82길 19
81c7fac7-4bd1-476a-9c33-2ab8d1f4e5b3,최서준,Female,6,2019-05-20,시흥 정왕동 10길 9
f5ba0e91-8114-4296-83bf-24435ef4b188,지후,male,19,2006-01-02,인천 부평구 1로 40
1c9a1dab-a406-4a08-854c-98062814af39,유민,Female,13,2012-01-28,서울 송파구 93길 56
5c512bcc-6253-4a6b-9fbb-2c9176435a7b,장시우,Female,61,1964-04-02,서울 송파구 29로 85
58a3eb99-6bd1-4d66-ab8d-f43a42f5c913,위하은,Female,14,2011-02-09,대전 유성구 30로 7
50e62dd4-603c-4a3e-981c-1826f911f393,윤도윤,Female,57,1968-03-01,인천 부평구 7대로 27
09b0e948-f558-4542-8e52-7f39294d9260,박민준,male,59,1966-11-23,인천 부평구 58길 44
13d8fbac-b091-4a16-a77a-20bea8d8229d,박민준,Female,42,1983-03-05,서울 송파구 81길 22
